linear_z,prediction,loss,grad_w,grad_b,w_after,bias_after
0.42000000000000004,0.6034832498647263,0.5050369938160966,"[-0.3172134, 0.4758201, -0.1586067]",-0.39651675013527365,"[0.33172134, -0.24758201, 0.11586067]",-0.060348324986472635
